"probe","gene","meth_weight","expr_weight"
"cg09670128","KRT7",0.00183532130904496,-0.183996364474297
"cg22287064","MYO15B",-0.251769512891769,0.19140699505806
"cg07676859","SSTR4",-0.598905563354492,-0.00269253947772086
"cg08189615","TMBIM1",-0.78278660774231,0.572191298007965
"cg19403104","RCN3",0.217701584100723,-0.205953225493431
"cg15731056","C12orf56",-0.485141754150391,0.039404109120369
"cg18197392","SSTR4",-0.576390385627747,-0.00269253947772086
"cg13867865","C12orf56",-0.467457175254822,0.039404109120369
"cg23719318","GDF7",-0.29381138086319,-0.487092435359955
"cg16703956","SLC6A3",0.29952272772789,0.244541734457016
"cg12408990","RASGEF1C",-0.229790091514587,-0.129262119531631
"cg19295951","DUOX1",-0.00194644543807954,0.175524592399597
"cg10305311","CLDN10",0.0757273063063622,0.0342892073094845
"cg05057720","CLEC14A",-0.155488342046738,-0.0233462695032358
"cg01057656","CBLC",0.439363896846771,-0.0884761735796928
"cg18116154","NMNAT3",0.438412547111511,-0.362738996744156
"cg19998368","C12orf56",-0.542176425457001,0.039404109120369
"cg10147797","SDR42E1",-0.0536364130675793,-0.00948543287813663
"cg25032595","CLDN10",0.109135709702969,0.0342892073094845
"cg14904662","ANK1",-0.323590517044067,-0.149358674883842
"cg18373354","ST14",-0.303935199975967,0.0520065613090992
"cg26477573","EPHX3",0.069531686604023,0.255929619073868
"cg16352085","SAMD11",0.0545242615044117,0.0452740080654621
"cg09469554","CLDN10",0.069647915661335,0.0342892073094845
"cg24676071","ADCY1",-0.217650696635246,-0.228499814867973
"cg03314029","ZNF469",0.0678968578577042,-0.144764930009842
"cg16281276","CYB5R2",-0.0384375527501106,0.00199864688329399
"cg19978312","RASGEF1C",-0.230531588196754,-0.129262119531631
"cg05930881","GATA4",0.3249791264534,0.406899303197861
"cg08328777","DUOX1",0.000624064530711621,0.175524592399597
"cg14537533","KRT7",-0.0303976479917765,-0.183996364474297
"cg09761352","CRB3",0.132140383124352,-0.08064915984869
"cg18608389","SPATA18",-0.0665234103798866,-0.206691101193428
"cg05942459","GRIK2",0.0899549573659897,0.207981899380684
"cg05804220","DUOX1",-0.0199698004871607,0.175524592399597
"cg18669346","PXMP4",-0.340189635753632,0.318960249423981
"cg15545772","TDRD5",-0.141051083803177,0.0576677098870277
"cg08934846","CLDN6",0.16211111843586,-0.210279390215874
"cg01181817","MST1R",0.332696199417114,-0.151645436882973
"cg19808978","RCN3",0.202598422765732,-0.205953225493431
"cg17390350","GLI3",0.248369500041008,-0.0892151221632957
"cg08632680","ACCS",-0.174718767404556,0.0997936725616455
"cg14160518","SALL4",-0.394824713468552,0.266010463237762
"cg07160937","NMRAL1",-0.171617448329926,0.128518581390381
"cg14544666","RASGEF1C",-0.196155905723572,-0.129262119531631
"cg05378938","TDRD5",-0.145534440875053,0.0576677098870277
"cg13113115","TFCP2",0.264254868030548,-0.243433877825737
"cg02732252","CLDN6",0.16279561817646,-0.210279390215874
"cg14502484","SLC6A3",0.304305762052536,0.244541734457016
"cg18791121","CYB5R2",-0.199861913919449,0.00199864688329399
"cg18210732","FGF19",-0.309437662363052,-0.396858155727386
"cg18004756","GRHL2",0.00841272529214621,-0.287180930376053
"cg25336332","THRB",0.0171950943768024,-0.144874796271324
"cg26444528","PCDH17",-0.0809390991926193,-0.185819312930107
"cg12074025","ZNF671",0.0193396899849176,0.0668168663978577
"cg10363661","CPNE7",-0.374267488718033,0.0965401455760002
"cg11200965","ACCS",-0.135153532028198,0.0997936725616455
"cg26115633","FOXI2",-0.435758501291275,0.459479719400406
"cg27339437","PTER",0.211803659796715,-0.125449791550636
"cg12178578","HPDL",0.0251951571553946,-0.0485633797943592
"cg08431931","WBP2NL",-0.168540492653847,0.147795721888542
"cg07029873","ESRRG",-0.430692225694656,-0.1477060765028
"cg04087740","GPR27",-0.115932233631611,0.152959436178207
"cg21635870","GRIK2",0.0172156821936369,0.207981899380684
"cg17958384","TFCP2",0.23162180185318,-0.243433877825737
"cg07333715","ASCL2",0.229038774967194,-0.249864622950554
"cg19098763","ELAVL4",-0.052798930555582,-0.305130004882812
"cg14425863","USH1C",-0.210911855101585,0.289146989583969
"cg14672084","PCDHGA4",-0.0788899287581444,-0.105134986341
"cg14672084","PCDHGA12",-0.0788899287581444,0.0204145982861519
"cg14672084","PCDHGA11",-0.0788899287581444,0.115237198770046
"cg14672084","PCDHGA9",-0.0788899287581444,0.0736255347728729
"cg14672084","PCDHGA1",-0.0788899287581444,-0.149534732103348
"cg14672084","PCDHGB1",-0.0788899287581444,-0.108566403388977
"cg14672084","PCDHGB6",-0.0788899287581444,0.172925367951393
"cg14672084","PCDHGC3",-0.0788899287581444,-0.0914643481373787
"cg14672084","PCDHGB3",-0.0788899287581444,-0.0428781770169735
"cg14672084","PCDHGB7",-0.0788899287581444,-0.0607070252299309
"cg14672084","PCDHGA6",-0.0788899287581444,0.0668046176433563
"cg14672084","PCDHGA8",-0.0788899287581444,-0.0331630483269691
"cg14672084","PCDHGA10",-0.0788899287581444,0.162658289074898
"cg14672084","PCDHGA5",-0.0788899287581444,0.0410476922988892
"cg14672084","PCDHGA3",-0.0788899287581444,-0.115089640021324
"cg14672084","PCDHGA2",-0.0788899287581444,-0.0863183066248894
"cg14672084","PCDHGA7",-0.0788899287581444,0.0100882649421692
"cg14672084","PCDHGB2",-0.0788899287581444,-0.126638650894165
"cg14672084","PCDHGB5",-0.0788899287581444,0.0375397317111492
"cg04571941","TNRC18",0.162422254681587,-0.210334852337837
"cg14181576","FGR",-0.250524610280991,0.0727255567908287
"cg14130459","SLC15A3",-0.514905333518982,0.221016466617584
"cg15071854","HPDL",0.0800409391522408,-0.0485633797943592
"cg22399133","CRYGD",-0.195728212594986,0.0523300804197788
"cg16556145","CLDN10",0.14950880408287,0.0342892073094845
"cg15162392","QPCT",-0.00207699951715767,0.0832981914281845
"cg18552861","GDF7",-0.228878915309906,-0.487092435359955
"cg06962944","TOX2",0.135838180780411,-0.124436743557453
"cg13080565","GRIK2",0.0458803214132786,0.207981899380684
"cg13722431","SERPINB9",0.222661837935448,-0.288680523633957
"cg24402300","EPS8L1",0.439344763755798,0.336448907852173
"cg23462514","RNF212",0.0514601282775402,0.139634758234024
"cg25903497","TMBIM1",-0.660776019096375,0.572191298007965
"cg04959815","CYB5R2",-0.170803174376488,0.00199864688329399
"cg09450024","EXOC3L2",0.523780703544617,0.0864109918475151
"cg11377136","PKDREJ",-0.212182745337486,-0.0687278211116791
"cg16319691","USH1C",-0.25494459271431,0.289146989583969
"cg15618978","TRIM59",0.0138268042355776,-0.021328816190362
"cg21790626","ZNF154",0.0152406878769398,0.0456952899694443
"cg21941030","RCN3",0.198574364185333,-0.205953225493431
"cg22442454","IRF6",0.304780006408691,0.0361248552799225
"cg00323305","THRB",-0.0505231730639935,-0.144874796271324
"cg19016289","TFCP2",0.204705744981766,-0.243433877825737
"cg22328208","TSPYL5",0.213662073016167,-0.120991639792919
"cg22534145","SSTR4",-0.485529392957687,-0.00269253947772086
"cg08296680","SLC16A3",-0.0884840041399002,-0.0875979214906693
"cg07976644","TTC22",-0.077007956802845,0.170301854610443
"cg18129748","MST1R",0.298063427209854,-0.151645436882973
"cg14029489","PRPH",0.0324678383767605,-0.343317270278931
"cg10583297","DUOX1",-0.020125150680542,0.175524592399597
"cg26732615","CILP2",0.197677224874496,0.120367623865604
"cg26732615","YJEFN3",0.197677224874496,0.0578776523470879
"cg05065507","TACSTD2",-0.0494113303720951,-0.101311214268208
"cg02694427","HOXD12",0.354367166757584,-0.468268901109695
"cg00511596","PTER",0.200809195637703,-0.125449791550636
"cg13912673","C9orf64",-0.15722519159317,0.211593121290207
"cg16642284","FOXI2",-0.406331390142441,0.459479719400406
"cg06310816","GLI3",0.216759145259857,-0.0892151221632957
"cg12034118","IRF6",0.292641669511795,0.0361248552799225
"cg21868134","HPDL",0.112495467066765,-0.0485633797943592
"cg26051413","ASCL2",0.164165496826172,-0.249864622950554
"cg12287025","ACCS",-0.144259944558144,0.0997936725616455
"cg01963134","CPNE8",0.148716881871223,0.225152358412743
"cg14849559","TMBIM1",-0.585331916809082,0.572191298007965
"cg01832036","DLX4",0.0271750725805759,0.133328095078468
"cg18249625","TNFRSF10A",-0.223222374916077,0.209732860326767
"cg17935217","CLIC6",0.0797656029462814,-0.051486000418663
"cg20392585","TFCP2",0.261361420154572,-0.243433877825737
"cg19592277","GPR75",-0.107693299651146,0.0809555649757385
"cg02595832","FOXI2",-0.402594476938248,0.459479719400406
"cg13959647","PSMD5",0.154482811689377,-0.0805486142635345
"cg19867917","COLEC11",-0.0729785487055779,-0.148640364408493
"cg04603730","CLDN10",0.0615690387785435,0.0342892073094845
"cg01637175","KCNJ12",0.302769780158997,0.117138527333736
"cg14482313","KRT7",-0.0270180162042379,-0.183996364474297
"cg06532379","ALPK3",-0.0758038461208344,0.0554591827094555
"cg24720583","BCL6B",0.179786965250969,-0.123440518975258
"cg27549720","HTR6",0.286577045917511,-0.0757338106632233
"cg10496082","DUOX1",-0.019403787329793,0.175524592399597
"cg09068492","CALCA",-0.386340916156769,0.272942692041397
"cg15336765","AQP5",-0.0702098608016968,0.00182810716796666
"cg17826168","CRB3",0.172233611345291,-0.08064915984869
"cg03744440","MYO15B",-0.186919927597046,0.19140699505806
"cg01456571","TNFRSF10D",-0.0856897905468941,-0.0303180888295174
"cg09509183","IRF6",0.320235550403595,0.0361248552799225
"cg07225966","CYP26C1",-0.038066741079092,-0.113300509750843
"cg03011535","TOX2",0.121086902916431,-0.124436743557453
"cg11751707","CYP1B1",-0.285084217786789,0.105326019227505
"cg11297723","TFCP2",0.253432214260101,-0.243433877825737
"cg03287940","THRB",0.000694355345331132,-0.144874796271324
"cg19714279","GBX2",0.173865228891373,-0.0789292380213737
"cg15834072","DCHS2",-0.337768524885178,0.0658039525151253
"cg00989853","IRF6",0.0631071329116821,0.0361248552799225
"cg16288089","TAC1",0.307334125041962,-0.0496072359383106
"cg07402669","APCDD1L",-0.197663277387619,-0.180514946579933
"cg16439198","CYP1B1",-0.247414380311966,0.105326019227505
"cg06371443","CASR",0.390105068683624,-0.0362028256058693
"cg09681167","GBX2",0.184359565377235,-0.0789292380213737
"cg04717802","WBP2NL",-0.14526079595089,0.147795721888542
"cg20600210","APCDD1L",-0.191028505563736,-0.180514946579933
"cg08345575","NMRAL1",-0.146551519632339,0.128518581390381
"cg08309809","TNFRSF10C",0.0382292978465557,-0.0284174624830484
"cg16529268","CBLC",0.356386721134186,-0.0884761735796928
"cg11928275","NFATC1",-0.107122428715229,-0.136440321803093
"cg07791866","MT1G",0.224785909056664,0.00877042580395937
"cg01817521","SLC17A9",-0.222579598426819,0.236414402723312
"cg08298757","FAM83F",-0.319583177566528,0.0630721598863602
"cg10598066","ACCS",-0.13325147330761,0.0997936725616455
"cg10528576","DLK1",-0.106453888118267,0.129985347390175
"cg27498387","ANK1",-0.222883999347687,-0.149358674883842
"cg24384244","ZNF662",-0.105212584137917,0.0934220105409622
"cg13459498","TOX2",0.110612347722054,-0.124436743557453
"cg01725531","TNFRSF10A",-0.165046080946922,0.209732860326767
"cg02449821","CPNE7",-0.279953479766846,0.0965401455760002
"cg18329187","CKB",0.0461168438196182,0.178736537694931
"cg02657760","TMBIM1",-0.589897811412811,0.572191298007965
"cg11413133","KCNJ12",0.259902000427246,0.117138527333736
"cg25160978","GDF7",-0.164104878902435,-0.487092435359955
"cg19250790","GNG7",0.116773933172226,0.122916236519814
"cg00641873","PTER",0.197121053934097,-0.125449791550636
"cg02199397","CLDN6",0.127297073602676,-0.210279390215874
"cg07625131","USH1C",-0.162416249513626,0.289146989583969
"cg27513574","SLC34A2",0.142264783382416,0.0401942320168018
"cg00040312","HOXC4",0.075996495783329,0.267649352550507
"cg00040312","HOXC5",0.075996495783329,0.254209518432617
"cg20060178","NLRX1",-0.0112404627725482,-0.0715622380375862
"cg19284039","ASCL2",0.152405798435211,-0.249864622950554
"cg19500479","GDF7",-0.21194814145565,-0.487092435359955
"cg07173972","SLC17A9",-0.21424300968647,0.236414402723312
"cg24093411","TCF7",-0.146231234073639,0.00555764278396964
"cg07802350","HOXD13",-0.167560994625092,-0.38521420955658
"cg13008978","TFCP2",0.231275364756584,-0.243433877825737
"cg27299406","HAAO",-0.00770540023222566,-0.156708791851997
"cg24031355","SPAG6",-0.197648406028748,0.327269226312637
"cg06341054","SPATA18",-0.0648073107004166,-0.206691101193428
"cg05899618","GDF7",-0.187893748283386,-0.487092435359955
"cg08134829","TMEM52",0.402725487947464,-0.2085330337286
"cg17231661","NLRX1",-0.0490405187010765,-0.0715622380375862
"cg06036912","CLDN6",0.12777741253376,-0.210279390215874
"cg24091371","XKR8",-0.0812700018286705,0.0827721506357193
"cg01510388","CYP7B1",-0.160364225506783,0.227238222956657
"cg07573727","VSX2",0.48206827044487,0.402485221624374
"cg00347563","GIPC2",-0.044014360755682,0.00233087688684464
"cg22438763","FOXD2",0.338548839092255,-0.130094766616821
"cg00199007","SLC17A9",-0.240980356931686,0.236414402723312
"cg12451530","GPR75",-0.054177425801754,0.0809555649757385
"cg06190677","RPL39L",-0.00382326100952923,-0.00871559698134661
"cg08882547","EXOC3L2",0.44660684466362,0.0864109918475151
"cg08561856","LYPD5",0.0983337387442589,0.198226675391197
"cg17438432","DUOX1",0.0293030291795731,0.175524592399597
"cg18247055","SPAG6",-0.157511994242668,0.327269226312637
"cg06779449","TOX2",0.122297197580338,-0.124436743557453
"cg19414598","DMC1",-0.122203104197979,0.00169651652686298
"cg00054210","CYP7B1",-0.167445287108421,0.227238222956657
"cg08328513","BHMT2",-0.0994584709405899,0.123754344880581
"cg08328513","DMGDH",-0.0994584709405899,0.0672646760940552
"cg10418524","HOXD13",-0.169336766004562,-0.38521420955658
"cg10063637","NMRAL1",-0.150942921638489,0.128518581390381
"cg06390536","MYO15B",-0.234819367527962,0.19140699505806
"cg20059140","GNAL",0.154269143939018,0.069404810667038
"cg13879483","USP44",-0.178300023078918,-0.0378366410732269
"cg12414557","RNF212",0.0882505401968956,0.139634758234024
"cg26554406","CPT1C",0.16959185898304,-0.119954109191895
"cg08742288","FCHSD1",0.337328463792801,-0.194186434149742
"cg05169951","KREMEN2",0.172227710485458,0.236254408955574
"cg05169951","PAQR4",0.172227710485458,-0.0361498855054379
"cg27072749","CRB3",0.139364928007126,-0.08064915984869
"cg16919569","HAND2",-0.0676109865307808,-0.133732467889786
"cg12258785","THRB",-0.0504207573831081,-0.144874796271324
"cg13443627","TACSTD2",-0.0330467745661736,-0.101311214268208
"cg26856080","TRIM59",0.0596747547388077,-0.021328816190362
"cg07183344","CPNE7",-0.151555314660072,0.0965401455760002
"cg00913949","ESRRG",-0.336805760860443,-0.1477060765028
"cg24753760","GRIK2",0.0490577593445778,0.207981899380684
"cg16404157","CLEC14A",-0.108067199587822,-0.0233462695032358
"cg13603508","CPNE8",0.155613273382187,0.225152358412743
"cg02430385","DUOX1",0.0335611961781979,0.175524592399597
"cg04233840","GATA4",0.264332711696625,0.406899303197861
"cg07078841","CYP1B1",-0.20827753841877,0.105326019227505
"cg05099508","SPAG6",-0.196592465043068,0.327269226312637
"cg08886823","ESRP2",-0.225318551063538,0.105576306581497
"cg21475150","RPL31",-0.419030785560608,-0.000517863547429442
"cg21039778","GDF7",-0.0953063517808914,-0.487092435359955
"cg08786077","QPCT",-0.00289190676994622,0.0832981914281845
"cg14883916","ZNF215",0.189776182174683,0.0109143350273371
"cg12024969","SH2D3A",0.386098384857178,0.0305657349526882
"cg07791578","DCDC2",-0.135148212313652,0.0011484824353829
"cg15844835","FCHSD1",0.34099754691124,-0.194186434149742
"cg10451078","GATA4",0.24422986805439,0.406899303197861
"cg09907936","ZNF135",-0.0919421315193176,-0.00593238230794668
"cg02571816","PPP1R14A",-0.0792029276490211,0.0672837942838669
"cg03593550","CACNG8",0.217392161488533,0.0726087242364883
"cg13356253","GPR75",-0.0639791712164879,0.0809555649757385
"cg17586860","SSTR4",-0.421624571084976,-0.00269253947772086
"cg13026730","GPR27",-0.0778502151370049,0.152959436178207
"cg06247406","GRIK2",0.0378954410552979,0.207981899380684
"cg14015044","TNFRSF10C",0.0028139385394752,-0.0284174624830484
"cg20278383","CLDN10",0.44278684258461,0.0342892073094845
"cg07182669","SERPINB9",0.177350968122482,-0.288680523633957
"cg13409449","GATA3",-0.226484000682831,-0.468216896057129
"cg22790973","TFCP2",0.203819110989571,-0.243433877825737
"cg27353308","BNIP3",-0.306353509426117,0.0258847586810589
"cg25637722","CRB3",0.169060900807381,-0.08064915984869
"cg22118524","ESRRG",-0.323780179023743,-0.1477060765028
"cg17098147","SPAG6",-0.150770783424377,0.327269226312637
"cg03507326","SRRM2",0.312873184680939,-0.0348783247172832
"cg04961235","RADIL",-0.0974101796746254,-0.186617136001587
"cg26681770","PMEPA1",0.287937670946121,-0.242981269955635
"cg27622506","THRB",-0.0524202175438404,-0.144874796271324
"cg09022993","SPATA18",0.00593566428869963,-0.206691101193428
"cg04515001","DCDC2",-0.17811094224453,0.0011484824353829
"cg16963683","ACCS",-0.11773631721735,0.0997936725616455
"cg01565314","EXOC3L2",0.444305598735809,0.0864109918475151
"cg20294304","HMGA1",0.309783428907394,-0.146225437521935
"cg26039254","SPATA18",-0.0448571816086769,-0.206691101193428
"cg24851854","TACSTD2",-0.0192671455442905,-0.101311214268208
"cg16654595","OCA2",-0.141524091362953,-0.309367626905441
"cg17568255","IAH1",0.0745475217700005,0.068139560520649
"cg16232183","CLDN10",0.0895596966147423,0.0342892073094845
"cg18612786","CBLC",0.312515765428543,-0.0884761735796928
"cg13088368","TOX2",0.124855346977711,-0.124436743557453
"cg09614415","FOXI2",-0.347887098789215,0.459479719400406
"cg23151000","CYP1B1",-0.23010790348053,0.105326019227505
"cg15653194","LFNG",0.135460093617439,-0.232798427343369
"cg15839431","YJEFN3",0.077300488948822,0.0578776523470879
"cg01856645","DMGDH",-0.0528839826583862,0.0672646760940552
"cg01856645","BHMT2",-0.0528839826583862,0.123754344880581
"cg12610471","SPAG6",-0.138344302773476,0.327269226312637
"cg10526374","ASCL2",0.100288338959217,-0.249864622950554
"cg15988970","DNAJC15",-0.119589664041996,0.180499538779259
"cg07553761","TRIM59",-0.0019726490136236,-0.021328816190362
"cg26316946","GRIK2",0.0839280188083649,0.207981899380684
"cg25330243","GRHL2",0.0103594232350588,-0.287180930376053
"cg06704518","GATA4",0.258034616708755,0.406899303197861
"cg02893180","ADM2",0.00859315507113934,0.150252357125282
"cg05347898","DCDC2",-0.160746112465858,0.0011484824353829
"cg18438944","MT1A",0.197383299469948,-0.168530538678169
"cg25639415","GRHL2",-0.0659157335758209,-0.287180930376053
"cg02623400","ELAVL4",-0.0393902212381363,-0.305130004882812
"cg01916088","FOXP4",0.200362861156464,-0.100095212459564
"cg15878317","NMNAT3",0.369718104600906,-0.362738996744156
"cg24505618","DUOX1",0.00272034131921828,0.175524592399597
"cg01026256","VWA5B2",-0.128564953804016,0.18527626991272
"cg16374999","PRPH",0.0580913349986076,-0.343317270278931
"cg18088242","DUOX1",-0.0228603538125753,0.175524592399597
"cg19471591","CPT1C",0.147246062755585,-0.119954109191895
"cg04868167","SPATA18",-0.0548989363014698,-0.206691101193428
"cg16275739","CLDN10",0.0690880045294762,0.0342892073094845
"cg13460057","PSMD5",0.137078508734703,-0.0805486142635345
"cg25130993","USH1C",-0.179238691926003,0.289146989583969
"cg11898486","LYPD5",0.0540641508996487,0.198226675391197
"cg22320962","GATA4",0.289384961128235,0.406899303197861
"cg24575083","CYB5R2",-0.0674273371696472,0.00199864688329399
"cg00235337","TMBIM1",-0.496282428503036,0.572191298007965
"cg01110759","MT1A",0.191340610384941,-0.168530538678169
"cg00907008","CHL1",0.058982752263546,-0.17318756878376
"cg08611810","GPR75",-0.0628194138407707,0.0809555649757385
"cg21646955","TCP11",-0.129769966006279,0.0332656614482403
"cg08614290","VIPR2",0.27485203742981,-0.296578586101532
"cg18192294","RNLS",-0.14434452354908,0.134912475943565
"cg14876077","EXOC3L2",0.385173559188843,0.0864109918475151
"cg09552652","SCNN1G",0.436283648014069,-0.176644593477249
"cg22943498","NNAT",0.219643279910088,-0.239395096898079
"cg21864304","VGLL4",0.0231551378965378,0.0815780013799667
"cg03615235","NNAT",0.215650007128716,-0.239395096898079
"cg13909895","ARSA",0.11177159845829,-0.0143668726086617
"cg00449767","EXOC3L2",0.433538407087326,0.0864109918475151
"cg12277666","TDRD5",-0.102423079311848,0.0576677098870277
"cg13448978","FGR",-0.267002075910568,0.0727255567908287
"cg17437939","TAC1",0.28678160905838,-0.0496072359383106
"cg26425933","VWA2",0.140447929501534,-0.298185408115387
"cg27212729","SP5",-0.162792131304741,-0.718475103378296
"cg26872475","NLRX1",-0.0134477009996772,-0.0715622380375862
"cg25204440","IRF6",0.262729465961456,0.0361248552799225
"cg00563229","XKR8",-0.0554762557148933,0.0827721506357193
"cg16319578","HSPA2",-0.287382423877716,0.163149654865265
"cg14556683","EPHX3",0.0440902784466743,0.255929619073868
"cg09904383","FCHSD1",0.310297787189484,-0.194186434149742
"cg26090107","SLC15A3",-0.08652263879776,0.221016466617584
"cg23079808","LTBR",-0.261447936296463,0.104952730238438
"cg07215504","ZNF469",0.0573054328560829,-0.144764930009842
"cg12000995","KRTCAP3",0.121759928762913,-0.00831109564751387
"cg07681728","RPL39L",0.00032548449235037,-0.00871559698134661
"cg15092343","MSX1",-0.203545600175858,-0.0544912740588188
"cg22571038","MYCBPAP",0.139951899647713,0.0472863167524338
"cg26785954","TMEM26",-0.161682590842247,0.168197140097618
"cg08048222","ZNF671",-0.00887060537934303,0.0668168663978577
"cg03255182","HOXC4",0.0250503215938807,0.267649352550507
"cg03255182","HOXC6",0.0250503215938807,0.250757485628128
"cg03255182","HOXC5",0.0250503215938807,0.254209518432617
"cg22407458","TCP11",-0.119271352887154,0.0332656614482403
"cg06662140","KLHDC7A",0.24555666744709,-0.164050549268723
"cg10137837","BCL6B",0.113182224333286,-0.123440518975258
"cg09677945","DNAJC15",-0.12804713845253,0.180499538779259
"cg21649442","SDR42E1",-0.0375479385256767,-0.00948543287813663
"cg02803037","MT1G",0.220079556107521,0.00877042580395937
"cg18987833","VGLL4",0.00925837736576796,0.0815780013799667
"cg16512570","ACCS",-0.122484393417835,0.0997936725616455
"cg12479674","TRIM59",0.0129034025594592,-0.021328816190362
"cg27049766","ZNF154",-0.000417141651269048,0.0456952899694443
"cg18451022","CYP1B1",-0.196654051542282,0.105326019227505
"cg17619311","ZNF662",-0.0800771713256836,0.0934220105409622
"cg26237681","SYCP2L",0.108608365058899,-0.003139553591609
"cg19766441","SLC34A2",0.131280958652496,0.0401942320168018
"cg25732462","LYPD5",0.0894876942038536,0.198226675391197
"cg13933080","SPAG6",-0.152978673577309,0.327269226312637
"cg07745707","ZNF469",-0.0437366627156734,-0.144764930009842
"cg01645998","SDR42E1",-0.0584343411028385,-0.00948543287813663
"cg23973429","GRHL2",-0.0477889142930508,-0.287180930376053
"cg19609502","FAM83F",-0.283275246620178,0.0630721598863602
"cg11366849","GLI3",0.212027668952942,-0.0892151221632957
"cg04738888","MYO15B",-0.163947820663452,0.19140699505806
"cg25755575","ESRRG",-0.322308599948883,-0.1477060765028
"cg24301620","GRIK2",0.0685983598232269,0.207981899380684
"cg25644243","WDR72",0.295463919639587,-0.173041880130768
"cg24524308","RPL39L",-0.0310193840414286,-0.00871559698134661
"cg15894661","ACCS",-0.157652527093887,0.0997936725616455
"cg19678392","PON1",-0.123021550476551,0.476924628019333
"cg14729962","DNAJC15",-0.120308123528957,0.180499538779259
"cg24848035","RGS22",-0.00903132185339928,0.196460694074631
"cg25032094","MYO15B",-0.274805158376694,0.19140699505806
"cg01287975","TAC1",0.287721365690231,-0.0496072359383106
"cg08740698","LTBR",-0.213892146945,0.104952730238438
"cg27403810","MYCBPAP",0.106782808899879,0.0472863167524338
"cg13906823","TSTD1",-0.217577740550041,0.290863007307053
"cg10418567","SPATA18",-0.0670782998204231,-0.206691101193428
"cg06272038","ASCL2",0.0973655134439468,-0.249864622950554
"cg08431536","PAX3",-0.212016388773918,-0.80681312084198
"cg10426464","C2CD4B",-0.0366288721561432,-0.30206686258316
"cg03940064","SPATA18",-0.078250877559185,-0.206691101193428
"cg13558754","HSPB6",0.0177188534289598,-0.135146722197533
"cg22338127","IRF6",0.268601506948471,0.0361248552799225
"cg09092054","CLDN5",0.153478860855103,-0.00086486927466467
"cg10106804","GJA4",0.230127543210983,-0.00579798826947808
"cg13605988","DUOX1",0.0581780783832073,0.175524592399597
"cg26644059","CRB3",0.15684674680233,-0.08064915984869
"cg00400183","CPT1C",0.166149452328682,-0.119954109191895
"cg13951491","HPDL",-0.0934617295861244,-0.0485633797943592
"cg25916307","KREMEN1",0.0623293220996857,0.10347007215023
"cg10591607","GRIK2",0.0885812193155289,0.207981899380684
"cg22557662","PPP1R14A",-0.0801279693841934,0.0672837942838669
"cg01031441","C12orf56",-0.304262012243271,0.039404109120369
"cg19113641","GDF7",-0.0632233694195747,-0.487092435359955
"cg17872886","COLEC11",-0.0561533682048321,-0.148640364408493
"cg24311947","XKR8",-0.0598210282623768,0.0827721506357193
"cg21323441","OCA2",0.210360556840897,-0.309367626905441
"cg12955789","RASGEF1C",0.124610729515553,-0.129262119531631
"cg16552454","SLC17A9",-0.214011326432228,0.236414402723312
"cg23302570","NXPH2",0.0793973356485367,-0.0326818004250526
"cg11301556","SLC12A5",-0.0886698886752129,0.114637032151222
"cg23690528","SGCE",-0.24908559024334,0.107635505497456
"cg23690528","PEG10",-0.24908559024334,0.112867347896099
"cg01405040","HOXD12",0.263839602470398,-0.468268901109695
"cg03964958","HOXD12",0.256317883729935,-0.468268901109695
"cg02473540","ZNF135",-0.0813339501619339,-0.00593238230794668
"cg07918545","FOXI2",-0.328871726989746,0.459479719400406
"cg20785796","SATB2",-0.0782901719212532,-0.279948949813843
"cg22900415","GJA3",0.13723312318325,0.0829778462648392
"cg22783363","TNFRSF10D",-0.11250513792038,-0.0303180888295174
"cg12266953","GDF7",-0.0328295417129993,-0.487092435359955
"cg10989897","ELAVL4",-0.0502086021006107,-0.305130004882812
"cg26328335","AQP5",-0.217491015791893,0.00182810716796666
"cg17246140","HAAO",-0.0277819540351629,-0.156708791851997
"cg25299750","TCP11",-0.10443502664566,0.0332656614482403
"cg11977686","ZNF671",-0.00199472880922258,0.0668168663978577
"cg04821708","SDR42E1",-0.0554276816546917,-0.00948543287813663
"cg27297626","KLHL29",0.12552997469902,-0.170529544353485
"cg10364040","HOXD10",-0.0921400785446167,0.0295699890702963
"cg18202449","ELAVL4",-0.0383254811167717,-0.305130004882812
"cg02006647","EXOC3L2",0.352180182933807,0.0864109918475151
"cg12911256","RNF207",-0.0260785054415464,-0.193225473165512
"cg06428163","CLDN10",0.0688319653272629,0.0342892073094845
"cg21303011","THRB",-0.0494902804493904,-0.144874796271324
"cg06634716","ESRRG",-0.320990681648254,-0.1477060765028
"cg06523224","BNC1",0.130459800362587,-0.030261879786849
"cg04912843","GIPC2",-0.00588665809482336,0.00233087688684464
"cg02147764","SIX3",0.0468651615083218,-0.213516056537628
"cg06700146","BCL6B",0.172432139515877,-0.123440518975258
"cg08169659","TMEM52",0.272882670164108,-0.2085330337286
"cg19788741","SLCO4C1",-0.230714812874794,-0.00555752823129296
"cg07967679","KRT7",-0.0840107947587967,-0.183996364474297
"cg21397393","RNF212",-0.0329847931861877,0.139634758234024
"cg13599131","BNIP3",-0.275783032178879,0.0258847586810589
"cg09147131","SLC16A3",0.210648223757744,-0.0875979214906693
"cg07384961","CLDN6",0.113737918436527,-0.210279390215874
"cg18696576","HMGA1",0.266407251358032,-0.146225437521935
"cg25712981","NNAT",0.198601424694061,-0.239395096898079
"cg06856570","NFATC1",-0.171091198921204,-0.136440321803093
"cg26514430","PCDHA6",0.0915635898709297,0.0069580003619194
"cg26514430","PCDHA2",0.0915635898709297,-0.0751092359423637
"cg26514430","PCDHA9",0.0915635898709297,-0.129740446805954
"cg26514430","PCDHA7",0.0915635898709297,-0.107044607400894
"cg26514430","PCDHA5",0.0915635898709297,-0.110327325761318
"cg26514430","PCDHA11",0.0915635898709297,-0.0478590615093708
"cg26514430","PCDHA10",0.0915635898709297,-0.00998365320265293
"cg26514430","PCDHA3",0.0915635898709297,0.0395956560969353
"cg26514430","PCDHA4",0.0915635898709297,-0.0717670917510986
"cg07648238","LTBR",-0.196155235171318,0.104952730238438
"cg05238741","FIGNL2",0.17580458521843,0.117355927824974
"cg26309194","TMPRSS2",-0.367712795734406,-0.237772464752197
"cg08638320","FOXD2",0.295126676559448,-0.130094766616821
"cg19246110","ZNF671",-0.0085756741464138,0.0668168663978577
"cg12119111","NHLRC1",-0.189300939440727,0.295982718467712
"cg12961842","ZNF418",-0.0534528791904449,0.0432802736759186
"cg13680188","GATA4",0.217266052961349,0.406899303197861
"cg22927510","TYMP",0.112142339348793,0.0815437957644463
"cg22541254","GRIK2",0.0694863945245743,0.207981899380684
"cg18055623","CACNG8",0.144811242818832,0.0726087242364883
"cg16795466","GATA4",0.216558218002319,0.406899303197861
"cg24161057","TSTD1",-0.225221887230873,0.290863007307053
"cg21872764","CLDN5",0.162438079714775,-0.00086486927466467
"cg13668618","ZNF418",-0.0480587780475616,0.0432802736759186
"cg15691862","FOXD2",0.0884388610720634,-0.130094766616821
"cg09974661","COLEC11",-0.0575130917131901,-0.148640364408493
"cg18676237","SERPINB9",0.134971931576729,-0.288680523633957
"cg05331082","NMNAT3",0.305997431278229,-0.362738996744156
"cg03132166","FAM83F",-0.283811509609222,0.0630721598863602
"cg00701946","GPR75",-0.0547252371907234,0.0809555649757385
"cg27028555","FLI1",0.138294115662575,-0.239132910966873
"cg11873482","TAC1",0.281714349985123,-0.0496072359383106
"cg12009516","EXOC3L2",0.352084338665009,0.0864109918475151
"cg08935125","CLDN6",0.120575681328773,-0.210279390215874
"cg12318501","ADM2",0.0153875714167953,0.150252357125282
"cg16094412","RNF207",0.0142941568046808,-0.193225473165512
"cg13166213","GATA4",0.253902018070221,0.406899303197861
"cg19808825","TTC22",-0.0704266503453255,0.170301854610443
"cg25590392","TMEM52",0.366102635860443,-0.2085330337286
"cg25313172","KRT7",0.0676781535148621,-0.183996364474297
"cg05329888","TYMP",0.121831253170967,0.0815437957644463
"cg18559136","MOCOS",0.050584901124239,0.115130566060543
"cg19878627","GPR75",-0.0437361262738705,0.0809555649757385
"cg12184886","MYO15B",-0.224830120801926,0.19140699505806
"cg04478428","SLC17A9",-0.182100147008896,0.236414402723312
"cg04586579","SDR42E1",-0.0401371009647846,-0.00948543287813663
"cg18193094","GRIK2",0.078187882900238,0.207981899380684
"cg23965061","TNFRSF10C",0.00870022363960743,-0.0284174624830484
"cg10172584","YJEFN3",0.0747193843126297,0.0578776523470879
"cg04513006","ESRP2",-0.120618417859077,0.105576306581497
"cg19725903","PLBD1",0.0320310667157173,0.0459952019155025
"cg14982276","TMPRSS2",-0.382968634366989,-0.237772464752197
"cg01503065","DCHS2",-0.298302680253983,0.0658039525151253
"cg17210938","TACSTD2",-0.0107176313176751,-0.101311214268208
"cg02539083","TAC1",0.273442178964615,-0.0496072359383106
"cg13778709","APCDD1L",-0.200354814529419,-0.180514946579933
"cg12606911","CD8A",-0.159558102488518,0.0144659131765366
"cg04413320","PCDH17",-0.0207376386970282,-0.185819312930107
"cg13933262","PCDHGA4",0.0104426760226488,-0.105134986341
"cg13933262","PCDHGA9",0.0104426760226488,0.0736255347728729
"cg13933262","PCDHGA1",0.0104426760226488,-0.149534732103348
"cg13933262","PCDHGB1",0.0104426760226488,-0.108566403388977
"cg13933262","PCDHGB7",0.0104426760226488,-0.0607070252299309
"cg13933262","PCDHGB6",0.0104426760226488,0.172925367951393
"cg13933262","PCDHGB3",0.0104426760226488,-0.0428781770169735
"cg13933262","PCDHGA6",0.0104426760226488,0.0668046176433563
"cg13933262","PCDHGA8",0.0104426760226488,-0.0331630483269691
"cg13933262","PCDHGA10",0.0104426760226488,0.162658289074898
"cg13933262","PCDHGA5",0.0104426760226488,0.0410476922988892
"cg13933262","PCDHGA3",0.0104426760226488,-0.115089640021324
"cg13933262","PCDHGA2",0.0104426760226488,-0.0863183066248894
"cg13933262","PCDHGB2",0.0104426760226488,-0.126638650894165
"cg13933262","PCDHGA7",0.0104426760226488,0.0100882649421692
"cg13933262","PCDHGB5",0.0104426760226488,0.0375397317111492
"cg18533282","SPATA18",-0.0533450357615948,-0.206691101193428
"cg15611336","RPP25",0.263084709644318,-0.0278003867715597
"cg15790820","ASCL2",0.072750099003315,-0.249864622950554
"cg08659394","B3GNT9",0.155908197164536,-0.118097066879272
"cg20939723","SP5",-0.188779041171074,-0.718475103378296
"cg07901138","TDRD5",-0.065739206969738,0.0576677098870277
"cg22487177","MOCOS",0.0518304444849491,0.115130566060543
"cg20574490","GRHL2",-0.0325362235307693,-0.287180930376053
"cg17094014","MDFI",-0.170474708080292,-0.410025537014008
"cg21449150","SPATA18",-0.0884023681282997,-0.206691101193428
"cg04809453","SOX8",-0.0357431881129742,-0.508152604103088
"cg16080552","TACSTD2",-0.0445078574120998,-0.101311214268208
"cg21304453","SLC4A11",-0.102169759571552,0.108017630875111
"cg14348532","CALCA",-0.2769835293293,0.272942692041397
"cg23770904","GATA5",-0.171208947896957,-0.0889024212956429
"cg14631053","SSTR4",-0.3692906498909,-0.00269253947772086
"cg05339066","RNLS",-0.129469260573387,0.134912475943565
"cg14913111","HPDL",0.0306933745741844,-0.0485633797943592
"cg01446907","RAB3A",0.133053511381149,0.0126955443993211
"cg13790727","NNAT",0.198107346892357,-0.239395096898079
"cg05019168","TRIP4",-0.031850665807724,0.0760841220617294
"cg02714192","NFATC1",-0.0734618753194809,-0.136440321803093
"cg04863005","TACSTD2",-0.0334141440689564,-0.101311214268208
"cg25235766","CACNG8",0.179006472229958,0.0726087242364883
"cg03644271","LDHA",-0.0867621749639511,-0.0194326043128967
"cg24864511","HES2",0.233710810542107,0.127061784267426
"cg06347739","ASCL2",0.161113411188126,-0.249864622950554
"cg10452531","LTBR",-0.186021238565445,0.104952730238438
"cg12271981","SLITRK5",-0.0931078121066093,0.274436920881271
"cg07921625","PCDH17",-0.0427610911428928,-0.185819312930107
"cg26810779","CBFA2T3",-0.147332206368446,-0.199190780520439
"cg22606205","PKP1",-0.0536014698445797,-0.00571831129491329
"cg17733616","SLC16A5",0.158776298165321,0.0555538721382618
"cg23831143","TNFRSF10C",0.127183273434639,-0.0284174624830484
"cg15800530","ZP3",-0.095538504421711,-0.100352488458157
"cg03414321","HCK",0.030341375619173,0.0395213291049004
"cg23994043","SATB2",-0.0867452174425125,-0.279948949813843
"cg03780851","GRHL2",0.00526830833405256,-0.287180930376053
"cg14676407","CPXM2",0.0570611841976643,-0.185189515352249
"cg26104781","KCNQ1",0.0921930372714996,0.0216884948313236
"cg07426195","FBXO2",0.268937706947327,0.0451576113700867
"cg02723904","TRIM59",0.041602436453104,-0.021328816190362
"cg17158414","KRTCAP3",0.0865340530872345,-0.00831109564751387
"cg05124129","CPNE8",0.0375733524560928,0.225152358412743
"cg16960291","NFATC1",0.000922234146855772,-0.136440321803093
"cg10245048","TNFRSF10A",-0.1894311606884,0.209732860326767
"cg26360792","HAAO",-0.00465019652619958,-0.156708791851997
"cg01943874","CD40",0.177852883934975,0.0450716726481915
"cg13360823","CACNG6",-0.0758445486426353,0.057162769138813
"cg27425612","LAD1",-0.0920284241437912,0.0945713147521019
