"Hugo_Symbol","n_mutated","freq"
"TP53",13,0.342105263157895
"BCOR",3,0.0789473684210526
"TTN",3,0.0789473684210526
"CSMD2",2,0.0526315789473684
"FAM184B",2,0.0526315789473684
"MLLT1",2,0.0526315789473684
"TENM1",2,0.0526315789473684
"TNRC18",2,0.0526315789473684
"WT1",2,0.0526315789473684
"ABCA12",1,0.0263157894736842
"ABCA13",1,0.0263157894736842
"ABCC11",1,0.0263157894736842
"ABHD6",1,0.0263157894736842
"ACP3",1,0.0263157894736842
"ACTB",1,0.0263157894736842
"ADAMDEC1",1,0.0263157894736842
"ADAMTS10",1,0.0263157894736842
"ADCY5",1,0.0263157894736842
"ADGRV1",1,0.0263157894736842
"AFDN",1,0.0263157894736842
"AGK",1,0.0263157894736842
"AGT",1,0.0263157894736842
"AIPL1",1,0.0263157894736842
"AKAP8",1,0.0263157894736842
"AL133500.1",1,0.0263157894736842
"ALDH1L2",1,0.0263157894736842
"ALG14",1,0.0263157894736842
"AMER1",1,0.0263157894736842
"AMZ1",1,0.0263157894736842
"ANKS1B",1,0.0263157894736842
"AOAH",1,0.0263157894736842
"APC",1,0.0263157894736842
"APOBEC3D",1,0.0263157894736842
"APOBEC3H",1,0.0263157894736842
"ARHGAP40",1,0.0263157894736842
"ARID1A",1,0.0263157894736842
"ARRB1",1,0.0263157894736842
"ARSJ",1,0.0263157894736842
"ASB5",1,0.0263157894736842
"ASPM",1,0.0263157894736842
"ASXL1",1,0.0263157894736842
"ATP6AP1",1,0.0263157894736842
"BABAM2",1,0.0263157894736842
"BCORL1",1,0.0263157894736842
"BEST3",1,0.0263157894736842
"BFSP1",1,0.0263157894736842
"BRINP2",1,0.0263157894736842
"CACHD1",1,0.0263157894736842
"CAPN15",1,0.0263157894736842
"CARD10",1,0.0263157894736842
"CCDC105",1,0.0263157894736842
"CCDC125",1,0.0263157894736842
"CCDC171",1,0.0263157894736842
"CCER1",1,0.0263157894736842
"CCL11",1,0.0263157894736842
"CCNP",1,0.0263157894736842
"CD36",1,0.0263157894736842
"CD9",1,0.0263157894736842
"CDC73",1,0.0263157894736842
"CDH23",1,0.0263157894736842
"CDH5",1,0.0263157894736842
"CDH8",1,0.0263157894736842
"CDHR3",1,0.0263157894736842
"CDK16",1,0.0263157894736842
"CENPBD1",1,0.0263157894736842
"CFTR",1,0.0263157894736842
"CHD4",1,0.0263157894736842
"CHD6",1,0.0263157894736842
"CLN3",1,0.0263157894736842
"CMKLR1",1,0.0263157894736842
"CMTR1",1,0.0263157894736842
"COL19A1",1,0.0263157894736842
"COL3A1",1,0.0263157894736842
"CPXM2",1,0.0263157894736842
"CREBBP",1,0.0263157894736842
"CSMD3",1,0.0263157894736842
"CSTF1",1,0.0263157894736842
"CTNNB1",1,0.0263157894736842
"CUEDC1",1,0.0263157894736842
"CYLC1",1,0.0263157894736842
"DACT1",1,0.0263157894736842
"DCC",1,0.0263157894736842
"DICER1",1,0.0263157894736842
"DIP2C",1,0.0263157894736842
"DISP3",1,0.0263157894736842
"DMXL1",1,0.0263157894736842
"DNAH5",1,0.0263157894736842
"DNAH6",1,0.0263157894736842
"DNHD1",1,0.0263157894736842
"DNM3",1,0.0263157894736842
"DOP1A",1,0.0263157894736842
"DROSHA",1,0.0263157894736842
"DSCAML1",1,0.0263157894736842
"ECHS1",1,0.0263157894736842
"EEF1AKMT4-ECE2",1,0.0263157894736842
"EMC4",1,0.0263157894736842
"ENPP6",1,0.0263157894736842
"ERC1",1,0.0263157894736842
"F7",1,0.0263157894736842
"FAM111A",1,0.0263157894736842
"FAM71E2",1,0.0263157894736842
"FAM83B",1,0.0263157894736842
"FASTKD1",1,0.0263157894736842
"FASTKD3",1,0.0263157894736842
"FOXC1",1,0.0263157894736842
"GALNT5",1,0.0263157894736842
"GCOM1",1,0.0263157894736842
"GPATCH2L",1,0.0263157894736842
"GSDMC",1,0.0263157894736842
"GTF2H3",1,0.0263157894736842
"GTF2IRD1",1,0.0263157894736842
"H4C12",1,0.0263157894736842
"HK2",1,0.0263157894736842
"HNRNPM",1,0.0263157894736842
"HOGA1",1,0.0263157894736842
"HOMEZ",1,0.0263157894736842
"HSPA4",1,0.0263157894736842
"IFNA4",1,0.0263157894736842
"IFT88",1,0.0263157894736842
"IGKV1-12",1,0.0263157894736842
"IL20RA",1,0.0263157894736842
"INO80",1,0.0263157894736842
"KAT2A",1,0.0263157894736842
"KATNIP",1,0.0263157894736842
"KCNC2",1,0.0263157894736842
"KHDRBS3",1,0.0263157894736842
"KIAA1109",1,0.0263157894736842
"KIF1A",1,0.0263157894736842
"KIFC3",1,0.0263157894736842
"KLF3",1,0.0263157894736842
"KMT2C",1,0.0263157894736842
"KMT2D",1,0.0263157894736842
"KRAS",1,0.0263157894736842
"KRT7",1,0.0263157894736842
"KRTAP10-11",1,0.0263157894736842
"L3MBTL2",1,0.0263157894736842
"LAMA5",1,0.0263157894736842
"LATS2",1,0.0263157894736842
"LPCAT2",1,0.0263157894736842
"LRRC4",1,0.0263157894736842
"MAGEA11",1,0.0263157894736842
"MAMDC4",1,0.0263157894736842
"MAN2B1",1,0.0263157894736842
"MANF",1,0.0263157894736842
"MAP3K15",1,0.0263157894736842
"MAPK10",1,0.0263157894736842
"MAST2",1,0.0263157894736842
"MBP",1,0.0263157894736842
"MED1",1,0.0263157894736842
"MED12",1,0.0263157894736842
"METTL27",1,0.0263157894736842
"MFSD10",1,0.0263157894736842
"MIGA1",1,0.0263157894736842
"MMRN2",1,0.0263157894736842
"MN1",1,0.0263157894736842
"MRPS28",1,0.0263157894736842
"MTMR3",1,0.0263157894736842
"MYCBP2",1,0.0263157894736842
"NAALAD2",1,0.0263157894736842
"NAV2",1,0.0263157894736842
"NCAPG2",1,0.0263157894736842
"NCK1",1,0.0263157894736842
"NCKAP5L",1,0.0263157894736842
"NCOA1",1,0.0263157894736842
"NF1",1,0.0263157894736842
"NFATC2",1,0.0263157894736842
"NLGN4X",1,0.0263157894736842
"NLK",1,0.0263157894736842
"NLRP9",1,0.0263157894736842
"NOS1",1,0.0263157894736842
"NPHP3",1,0.0263157894736842
"NRDC",1,0.0263157894736842
"NUMA1",1,0.0263157894736842
"NWD2",1,0.0263157894736842
"NXPH3",1,0.0263157894736842
"NXPH4",1,0.0263157894736842
"ODF1",1,0.0263157894736842
"OR2T8",1,0.0263157894736842
"OR4C46",1,0.0263157894736842
"OR51I1",1,0.0263157894736842
"OR5L1",1,0.0263157894736842
"PADI3",1,0.0263157894736842
"PCDH1",1,0.0263157894736842
"PCDH15",1,0.0263157894736842
"PCDHA3",1,0.0263157894736842
"PCDHGB5",1,0.0263157894736842
"PGK2",1,0.0263157894736842
"PHF5A",1,0.0263157894736842
"PIKFYVE",1,0.0263157894736842
"PIP5K1B",1,0.0263157894736842
"PLEKHS1",1,0.0263157894736842
"PLXNA4",1,0.0263157894736842
"POLR3C",1,0.0263157894736842
"PPFIBP1",1,0.0263157894736842
"PPP1CC",1,0.0263157894736842
"PTPRD",1,0.0263157894736842
"RAB11FIP1",1,0.0263157894736842
"RAD50",1,0.0263157894736842
"RAET1G",1,0.0263157894736842
"RAET1L",1,0.0263157894736842
"RALGPS2",1,0.0263157894736842
"RBM10",1,0.0263157894736842
"RNF115",1,0.0263157894736842
"RNF208",1,0.0263157894736842
"RNF8",1,0.0263157894736842
"RNPC3",1,0.0263157894736842
"RTCB",1,0.0263157894736842
"RUSC2",1,0.0263157894736842
"RYR2",1,0.0263157894736842
"SCAMP4",1,0.0263157894736842
"SCG2",1,0.0263157894736842
"SCN11A",1,0.0263157894736842
"SCN7A",1,0.0263157894736842
"SERINC2",1,0.0263157894736842
"SH2D2A",1,0.0263157894736842
"SHROOM2",1,0.0263157894736842
"SLC1A7",1,0.0263157894736842
"SLC25A44",1,0.0263157894736842
"SLC27A5",1,0.0263157894736842
"SLC2A12",1,0.0263157894736842
"SLC38A5",1,0.0263157894736842
"SMC1A",1,0.0263157894736842
"SMC4",1,0.0263157894736842
"SMCO1",1,0.0263157894736842
"SNX24",1,0.0263157894736842
"SON",1,0.0263157894736842
"SRL",1,0.0263157894736842
"SRRM5",1,0.0263157894736842
"STAU1",1,0.0263157894736842
"STK11IP",1,0.0263157894736842
"SUGCT",1,0.0263157894736842
"SUN3",1,0.0263157894736842
"SYNC",1,0.0263157894736842
"SYNJ2",1,0.0263157894736842
"TDRD5",1,0.0263157894736842
"TFPI",1,0.0263157894736842
"THAP11",1,0.0263157894736842
"TIMM8B",1,0.0263157894736842
"TLL1",1,0.0263157894736842
"TMEM104",1,0.0263157894736842
"TMEM116",1,0.0263157894736842
"TNFAIP3",1,0.0263157894736842
"TNNI2",1,0.0263157894736842
"TNS3",1,0.0263157894736842
"TOGARAM2",1,0.0263157894736842
"TRIB1",1,0.0263157894736842
"TRIM6-TRIM34",1,0.0263157894736842
"TSC2",1,0.0263157894736842
"TSTD2",1,0.0263157894736842
"TTC27",1,0.0263157894736842
"TTC3",1,0.0263157894736842
"TYR",1,0.0263157894736842
"UBA2",1,0.0263157894736842
"USP49",1,0.0263157894736842
"VPS13B",1,0.0263157894736842
"WDR70",1,0.0263157894736842
"WDR90",1,0.0263157894736842
"XPO5",1,0.0263157894736842
"ZC3H18",1,0.0263157894736842
"ZFP82",1,0.0263157894736842
"ZKSCAN3",1,0.0263157894736842
"ZKSCAN4",1,0.0263157894736842
"ZMYM4",1,0.0263157894736842
"ZNF282",1,0.0263157894736842
"ZNF469",1,0.0263157894736842
"ZNF678",1,0.0263157894736842
"ZNF711",1,0.0263157894736842
"ZNF746",1,0.0263157894736842
"ZNF750",1,0.0263157894736842
"ZNF814",1,0.0263157894736842
"ZNF837",1,0.0263157894736842
"ZNF91",1,0.0263157894736842
"ZYG11A",1,0.0263157894736842
